no,ans
1,CU9V7
2,73TF8
3,2UA3J
4,0ZUV2
5,96U2K
6,NL8PJ
7,4FP3D
8,EQNJK
9,VPC2Y
10,2KP8X
11,VXNEL
12,NYL8F
13,KZ6AP
14,LDZL2
15,J8J6X
16,DL6NU
17,DUDVL
18,J3H7Y
19,VZEPD
20,AA66H
21,L6LZ9
22,7NND8
23,8NGQQ
24,8V6YH
25,4LLJU
26,7VVKY
27,DZVK6
28,JZNFT
29,Q9NFV
30,X9FAH
31,36THG
32,2932J
33,8I3ZL
34,JEKUC
35,ZPAAH
36,7T9AP
37,3VYZF
38,FY3ND
39,UU6CE
40,V2ZNU
41,L3N33
42,KFD9R
43,QCQFP
44,YAPGZ
45,78LG9
46,LHDXF
47,ZFFKG
48,UPZ6H
49,RTZC2
50,X28UA
51,FYZYE
52,UJX7H
53,X8PK8
54,YDJYL
55,7CGYX
56,KEKKU
57,KQGX6
58,4PXR2
59,TUCPE
60,77VZY
61,J9ZNV
62,NXQ3K
63,QZZ4T
64,KC6Y2
65,ACC92
66,A9JT8
67,FQKR7
68,JED7V
69,TQXYA
70,VKQDX
71,ERZLH
72,ATND9
73,DZHPP
74,NU2JE
75,ZXY3P
76,R8DG4
77,V8Z86
78,TDZDN
79,EKUFK
80,HU9LC
81,PJKUE
82,RY2Z2
83,VV92D
84,HT27G
85,NUFDC
86,97P4Y
87,K28YN
88,P9L6F
89,LH67K
90,9KYAL
91,9D7VV
92,PGUC7
93,FNU3V
94,6N82C
95,DR72H
96,9ZVP6
97,84699
98,78ERC
99,3A4G3
100,LACRR
101,FAFP7
102,GGA2L
103,KC3F8
104,JFCYA
105,NNR43
106,FHPVY
107,4T4T8
108,PHA64
109,KJYUU
110,LQT8A
111,4PGNN
112,VUKJY
113,VTU46
114,RUHUV
115,LDH2J
116,P2AF9
117,U4PL4
118,T8Y67
119,RH9N6
120,ADAUC
121,NJT7Z
122,7Q3FK
123,3YT68
124,YZGUZ
125,4XU3X
126,424KZ
127,3YC67
128,667GL
129,98KNF
130,9ZT8Q
131,E88EG
132,PNRUJ
133,UVV7V
134,D7FYJ
135,E79C3
136,UCXTD
137,Y96UN
138,V6TKH
139,QDHA7
140,CLDD4
141,CJKXA
142,EEDCX
143,EHLUZ
144,FHF8H
145,DXZ9J
146,FXTL3
147,QXDGP
148,TX7T8
149,Z87TA
150,A8PLV
151,K37GK
152,86ZKL
153,HFZ3U
154,2F8DJ
155,EHC2G
156,JQQ78
157,JHYQH
158,ELGCL
159,NR266
160,ZQYNJ
161,FTVNZ
162,8AYA8
163,8QN6J
164,LV39A
165,TYUTK
166,9JN49
167,CFQGR
168,GTZNF
169,N7C3A
170,86RX7
171,GPYPF
172,CT6GG
173,D7N2N
174,HD644
175,2AHQ3
176,TTKD9
177,3VKA6
178,UAXFH
179,K8CCN
180,EJ37U
181,66A47
182,68LJY
183,9LLPK
184,XYKKT
185,EYVA3
186,C299P
187,D9QTZ
188,CJPJV
189,4LAJJ
190,3X99F
191,ETED2
192,NUR2Z
193,V37PV
194,C7U76
195,L8DZR
196,LCNHU
197,DRLX4
198,DJUHE
199,ALH86
200,YP6PP
201,L28TU
202,U7U2X
203,X8NEF
204,RFE43
205,UK8FG
206,VK2TZ
207,RJ8L4
208,KJAJJ
209,CNULH
210,CL46P
211,LP2N2
212,JRQDR
213,FTE4H
214,JVHQG
215,EYCUH
216,R2FHF
217,N9673
218,LJFP3
219,UCDQF
220,UFLAH
221,YP2FA
222,YG9ZJ
223,3PN7A
224,DP8ZX
225,KT7Z3
226,NUZDK
227,PUTQ4
228,33YDY
229,ZYK4T
230,U7CRF
231,4Y8TU
232,DCTL9
233,7GYHJ
234,PAEDJ
235,6K4TP
236,ZNLDU
237,VQC4K
238,XX6FZ
239,ZQYUL
240,7LC2J
241,2C2Q8
242,Z6C97
243,4T3NX
244,ZVRDN
245,T4CXP
246,Y7P4H
247,K4H8N
248,LFDJZ
249,KJL33
250,2PCJC
251,4D3Y2
252,XH8UD
253,2QLZ4
254,UXRVF
255,3VPVP
256,ZXELF
257,DZH9E
258,KRFAR
259,QUTGI
260,R2NT2
261,QAYCZ
262,P97V7
263,94E8Z
264,GGTUR
265,8A6TC
266,YG6J2
267,UJGHN
268,FZDJH
269,RX94X
270,Z4NRT
271,DA2XU
272,67YQQ
273,TGDLZ
274,X8JPE
275,YCLKZ
276,DKKKD
277,9T733
278,4ULEA
279,KEKVK
280,CH2QL
281,CF72V
282,73964
283,JUTXH
284,8DX2K
285,LJ4K4
286,TUZC9
287,4NDY2
288,HUJHJ
289,2EJYU
290,C8XKL
291,PNRE9
292,HYY87
293,7QEKA
294,J9L3L
295,GDL97
296,FPKZ2
297,HQYDH
298,A82YP
299,84CXF
300,XG8F4
301,4E9UY
302,GN3PN
303,U2984
304,LAJEK
305,EGFXD
306,NDFVC
307,JV9FG
308,93AKQ
309,T7LR2
310,37827
311,FCQCU
312,VXFFK
313,TY66C
314,CZDF2
315,NUVAQ
316,PZPN6
317,N4Z78
318,KZLX3
319,G3CLU
320,A3FJ9
321,48JEJ
322,PGEHH
323,LD39D
324,HEQY4
325,6LQ7N
326,TX3VZ
327,PZQKQ
328,GX9NU
329,Z4JYF
330,TXLVY
331,NXQRD
332,DZHEJ
333,YEDGD
334,UG376
335,DGAGU
336,6ETJX
337,Z9XGF
338,NPHH8
339,HHKFQ
340,EKA6H
341,8QE2T
342,2QHX9
343,VKKUR
344,NXQQZ
345,N2Z93
346,JXNZX
347,EXRVC
348,73XRN
349,46KGE
350,Z7A86
351,U2D6N
352,L7GZZ
353,AGXX9
354,JJAK9
355,FKYCZ
356,9R48C
357,7GQY9
358,ZTVTG
359,TTZQX
360,H2TCY
361,C2X8E
362,9XJY9
363,Y76Z6
364,YYDKE
365,A9V3K
366,4F2YX
367,ZGPNN
368,TNUJZ
369,PJGAU
370,HPL76
371,6RFA7
372,YLH7P
373,VN8XF
374,NUCTR
375,R72GK
376,6346N
377,D227X
378,78739
379,EEKQ4
380,TCNE7
381,KCK6Y
382,ZLCK6
383,ATUEL
384,8JH6K
385,2PL2X
386,XXCQJ
387,QXFLZ
388,QPN89
389,PTXQC
390,JXFCG
391,EXJ8V
392,969XJ
393,CA49Y
394,C3CU8
395,7A2HV
396,79933
397,3CYTT
398,URD74
399,NRG4J
400,LVQLL
401,JXFCD
402,FZ436
403,FRCLE
404,9XFHQ
405,34KE2
406,HYPYR
407,UFA98
408,VCXH8
409,4FVHE
410,ZHK86
411,4JYEZ
412,4H8Y7
413,DUTQK
414,DLZAU
415,CXATU
416,EX47D
417,D2DPF
418,ZR6VN
419,ZVEER
420,R3HA3
421,YYVG2
422,T7L7N
423,YE2CE
424,3GFH9
425,ZD394
426,VFRYU
427,VDZH2
428,7DHDN
429,NQTL6
430,KTHCX
431,4TQLL
432,2PEDG
433,XX434
434,V2DK7
435,DUZ4N
436,EZUF3
437,6DU6N
438,L7GN6
439,L4Q8C
440,K8ZQE
441,JC9AG
442,JAGTN
443,NHXZE
444,JKKP7
445,AP6R6
446,6H8PN
447,6U42Z
448,PVCCP
449,EUP96
450,A3EYT
451,29DPH
452,ECGCF
453,H4NFU
454,H8XYY
455,GC7G2
456,HCZUJ
457,CN7PR
458,8JTFL
459,6FG7G
460,YFK4V
461,YJULY
462,TYKAH
463,AQ8TZ
464,HP7T9
465,D3XGT
466,T8KY3
467,D8U9R
468,F3LLE
469,Q36GZ
470,XD6F3
471,98NAR
472,DF3FJ
473,FFVT2
474,EK6D6
475,HLJHY
476,EU98L
477,ELGTX
478,CP6HN
479,42ADV
480,VV4XU
481,JCKTZ
482,G38KY
483,P77K6
484,X64KE
485,RDUA3
486,QN4T2
487,VJGZZ
488,RK7PQ
489,KRAK3
490,CJNJL
491,QUDZT
492,PNEFF
493,NRNYJ
494,TU36D
495,RYCNG
496,2CXGV
497,4CQUE
498,7CJ8V
499,388XQ
500,T9ZJX
